id;documento
1;A aviação de Israel realizou durante a madrugada desta segunda-feira, dia 7, ataques a 150 alvos no Líbano. Enquanto isso, soldados israelenses mataram 10 integrantes da milícia do Hezbollah. Durante este domingo, dia 6, foram travadas lugas sangrentas. Os foguetes e ataques do Hezbollah causaram a morte de 15 pessoas e deixaram mais de 200 feridas. Já o Exército de Israel provocaram a morte de 30 militantes do Hezbollah. Comandos israelenses mataram outros três guerrilheiros libaneses na cidade de Tiro, onde destruíram sete plataformas de lançamento de foguetes, informaram as fontes israelenses.
2;"A aviação israelense atacou 150 alvos na madrugada de hoje no Líbano, enquanto soldados do Estado judeu mataram 10 milicianos do Hisbolá nas aldeias libanesas de Bint Djebeil e Kafr Hula, segundo informações de fontes militares. Os combates se intensificaram hoje após a sangrenta batalha deste domingo, quando a guerrilha xiita do Hezbolá matou 15 pessoas e deixou mais de 200 feridas, entre militares e civis. Por sua parte, as forças militares de Israel no sul do Líbano informaram que também no domingo foram mortos 30 milicianos do Hezbolá, enquanto um oficial e dois soldados israelenses ficaram feridos hoje em Oleado. Comandos israelenses mataram outros três guerrilheiros libaneses na cidade de Tiro, onde destruíram sete plataformas de lançamento de foguetes, informaram as fontes israelenses. O primeiro-ministro de Israel, Ehud Olmert, realizará hoje consultas com seu vice-primeiro-ministro, Shimon Peres, e com os titulares da Defesa, Amir Peretz, e de Exteriores, Tzipi Livni, entre outros, a fim de analisar o agravamento da situação dos conflitos, que não possibilitaram o fim dos ataques do Hezbolá a Israel. Segundo fontes militares e policiais, os milicianos do Hisbolá já dispararam aproximadamente 2,7 mil foguetes Katyusha e mísseis de diferentes alcances contra território israelense desde de o início dos conflitos, que chega hoje ao seu 27º dia. De acordo com um porta-voz militar, o Hezbolá contava com pelo menos 11 mil mísseis e foguetes ""apontados contra Israel"" no começo as hostilidades. Além disso, a rádio pública israelense informou que uma fonte do Governo, que não quis revelar sua identidade, assinalou que essas operações podem estender-se até o rio Litani, a 30 quilômetros da fronteira entre os dois países. As operações por terra, que contam com a participação de aproximadamente dez mil efetivos, têm como missão criar uma ""zona militar especial"" ao longo da fronteira entre os dois países, de 110 quilômetros, para afastar os milicianos islâmicos do Hisbolá de Israel. A intenção declarada do Governo israelense é ceder essa zona de segurança a uma força multinacional, que garanta seu controle e apóie às forças do Exército libanês nesse propósito. A esse respeito, o Conselho de Segurança da ONU debaterá hoje ou amanhã uma proposta de resolução apresentada pelos Estados Unidos e pela França, que contempla um cessar-fogo e inclui também o posicionamento de uma força multinacional no Líbano. Aparentemente, Israel estaria disposto a aceitar a resolução, mas o presidente do Parlamento libanês, Nabih Berri, declarou neste domingo que seu país rejeita a proposta. ""Todo o Líbano rejeita a minuta de resolução e exige que ela seja reconsiderada, para que haja uma harmonia com o plano de sete pontos aprovado pelo governo libanês e suas comunidades"", afirmou Berri, em entrevista coletiva em Beirute. ""Aceitar esta minuta de resolução significaria que as tropas israelenses poderiam seguir ocupando as zonas que já ocupam agora"", concluiu."
3;Israel ataca 150 alvos no Líbano e intensifica ofensiva
4;"A Força Aérea israelense lançou uma série de bombardeios contra o Líbano nesta segunda-feira. Foram atingidos alvos no leste do país, entre eles um dos redutos do Hezbollah, Baalbek, no vale do Bekaa, nos subúrbios do lado sul de Beirute e na cidade portuária de Tiro. As autoridades libanesas estimam o número de mortos em 11 civis, seis deles integrantes da mesma família. De acordo com um correspondente da BBC em Tiro, John Simpson, a cidade, na qual ficaram apenas cerca de 3 mil pessoas, ficou completamente isolada depois dos últimos ataques de Israel. Os militares isralenses justificaram os ataques, afirmando que eram necessários porque o grupo militante Hezbollah continua a lançar mísseis contra ""alvos civis"" em Israel. As tropas de infantaria de Israel também entraram em combates com homens do Hezbollah nesta segunda-feira, no povoado de Houla, no sul do Líbano. A ofensiva israelense foi lançada depois de uma seqüência de ataques do Hezbollah no domingo que causou as maiores baixas para Israel nas quatro semanas do conflito. Pelo menos quinze soldados israelenses morreram  doze deles, reservistas  no norte de Israel, na cidade de Kfar Giladi, ao serem atingidos por um míssil do Hezbollah. Outros nove ficaram feridos. O míssil do Hezbollah teria atingido um prédio na cidade, perto da fronteira com o Líbano, onde se encontravam os reservistas, recém-convocados para a ativa. Na cidade de Haifa, os mísseis do Hezbollah mataram pelo menos três civis. Segundo a agência de notícias France Presse, os mortos eram todos moradores de um kibbutz ao norte de Israel. Testemunhas disseram que os disparos de mísseis feitos pelo Hezbollah duraram cerca de 15 minutos. O Líbano apresentou um pedido formal ao Conselho de Segurança da Organização das Nações Unidas (ONU) de uma revisão da proposta de resolução para o fim do conflito no Oriente Médio. O representate do Líbano na ONU, Nouhad Mahmoud, disse que submeteu uma emenda ao esboço franco-americano, pedido que as forças israelenses se retirem do território libanês. O Líbano também apresentou objeções à forma como o texto lida com disputas territoriais e à questão dos prisioneiros mantidos em ambos os lados. Mas o embaixador da Rússia na ONU, Vitaly Churkin, disse que um acordo ainda está distante, e pediu ao governo libanês que reconheça que as suas preocupações estão sendo atendidas implicitamente no texto da resolução. As discussões em torno da proposta devem prosseguir nesta segunda-feira na sede da ONU, em Nova York."
5;Israel lança série de ataques aéreos contra o Líbano
6;Uma nova série de ataques criminosos foi registrada na madrugada desta segunda-feira, dia 7, em São Paulo e municípios do interior paulista. Os bandidos atacaram agências bancárias, bases policiais e prédios públicos com bombas e tiros. Uma bomba caseira foi jogada contra o prédio do Ministério Público, na capital do estado. As ações criminosas podem ter sido ordenadas pelos líderes do Primeiro Comando da Capital (PCC), que haviam prometido retomar os ataques no Estado de São Paulo no Dia dos Pais, no próximo domingo. Na região do ABC Paulista pelo menos dez ônibus foram incendiados - sete em Mauá e três em Santo André. Na capital, houve ataques a outros quatro ônibus. Uma bomba caseira foi atirada contra a sede do Ministério Público (MP). A rua foi interditada pela polícia. A bomba, composta por parafusos e materiais metálicos, provocou estragos em portas e janelas que ficam a cerca de 20 metros do local da explosão. No momento, apenas um taxista e um passageiro estavam na rua. O prédio da secretaria da Fazenda, no centro, foi atingido por três bombas caseiras. Os líderes da facção criminosa PCC haviam prometido uma nova onda de ataques caso o Ministério Público de São Paulo negasse a saída temporária de presos em virtude do Dia dos Pais. O benefício depende de decisão judicial após análise do Ministério Público e os presos poderiam deixar a cadeia no período do dia 9 até 15 de agosto. A Vara de Execuções Criminais do Estado já registrou 900 pedidos de autorização de saída temporária.
7;PCC realiza nova onda de ataques e sede do MP é atingida por bomba
8;A cidade de São Paulo e alguns municípios do interior paulista foram atingidos na madrugada desta segunda-feira por novos atentados com bombas e tiros contra agências bancárias, bases policiais e prédios públicos. Pelo menos oito ataques foram confirmados. Uma bomba caseira foi jogada contra o prédio do Ministério Público, no centro da capital, mas não deixou feridos. A promessa de lideranças do Primeiro Comando da Capital (PCC) de retomar os ataques no Estado de São Paulo no Dia dos Pais, no próximo domingo, aparentemente começou a ser cumprida na madrugada de hoje. Cidades do interior como Jundiaí foram alvo de ataques atribuídos à facção criminosa, com pelo menos um coletivo incendiado. Na região do ABC Paulista, segundo a Globonews, pelo menos dez ônibus foram incendiados - sete em Mauá e três em Santo André. Na capital, houve ataques a outros quatro ônibus. Até o momento, não há registro de feridos. Na capital, a SPTRans confirmou o recolhimento de carros de pelo menos duas empresas de microônibus por temor de ataques, na zona leste. Ontem, representantes das lotações teriam recebido ameaças caso mantivessem os carros nas ruas. Os ônibus elétricos da zona leste também pararam de funcionar depois que uma rede foi rompida na estação São Mateus. Os ônibus estão indo apenas até a estação Carrão. Segundo a SPTrans, as demais empresas de ônibus, trens e metrô funcionam normalmente. Os alvos na capital incluem a sede do Ministério Público (MP), na rua Riachuelo, centro, contra a qual foi jogada uma bomba de fabricação caseira, por volta das 5h. A rua foi interditada e a perícia está fazendo a vistoria no local. A bomba, composta por parafusos e materiais metálicos, provocou estragos em portas e janelas que ficam a cerca de 20 metros do local da explosão. No momento, apenas um taxista e um passageiro estavam na rua. O prédio da secretaria da Fazenda, no centro, foi atingido por três bombas caseiras. Houve atentado também contra o prédio da inspetoria da Guarda Civil Metropolitana (GCM), em Campo Limpo. Outra base da GCM foi atingida em Osasco. Cinco viaturas do Departamento de Investigações sobre o Crime Organizado (Deic) foram incendiadas. Pelo menos 14 agências bancárias também foram danificadas na cidade, segundo a Globonews. Uma delas foi invadida por um carro. Na Marginal Tietê, próximo à ponte da Casa Verde, zona leste, um posto de gasolina foi incendiado. De acordo com o dono do estabelecimento, três homens armados anunciaram o assalto, levaram o dinheiro, e um dos bandidos colocou fogo no posto, que ficou parcialmente destruído. Outros dois postos teriam sido atingidos no bairro Higienópolis, segundo a rádio CBN. Na zona leste, dois homens foram presos por suspeita de participação no assalto a um posto de gasolina. Com eles, a polícia apreendeu uma metralhadora e uma espingarda calibre 14. Integrantes do PCC haviam prometido uma nova onda de ataques caso o Ministério Público de São Paulo negasse a saída temporária de presos em virtude do Dia dos Pais. O benefício depende de decisão judicial
9;Bomba atinge MP de SP em novos ataques do PCC
10;SÃO PAULO - O estado de São Paulo voltou a sofrer com os ataques contra postos policiais, agências bancárias e ônibus, na madrugada desta segunda-feira. As ações são atribuídas à facção criminosa Primeiro Comando da Capital (PCC), que já comandou outros ataques em duas ocasiões. Os ataques desta madrugada, até agora, não deixaram mortos ou feridos. Uma bomba de fabricação caseira explodiu em frente ao prédio do Ministério Público Estadual e lojas vizinhas também foram atingidas por estilhaços. A rua está interditada para a perícia e, aos poucos, os comerciantes são autorizados a entrar em seus estabelecimentos. A Secretaria da Fazenda também foi atingida por uma bomba. Duas bases da Guarda Civil Metropolitana (GCM), sendo uma no Capão Redondo, Zona Sul de São Paulo, foram alvo dos criminosos. Mais de dez agências bancárias, um posto de gasolina e um supermercado foram atacados. Calcula-se em 15 o número de ônibus incendiados, sendo dez na região do ABC e quatro na capital. Mesmo assim, o sistema de transporte coletivo da cidade está normal nesta manhã. A rua onde fica o Departamento de Investigações Sobre o Crime Organizado (Deic) foi bloqueada e a passagem de veículos está proibida.
11;"Um total de 549 pessoas morreram, 3.043 ficaram feridas e 295 estão desaparecidas em razão das enchentes que recentemente afetaram a Coréia do Norte, informou hoje um jornal pró norte-coreano publicado no Japão, que citou fontes oficiais de Pyongyang. Segundo o jornal ""Choson Sinbo"", publicado pela Associação de Residentes Coreanos no Japão (próxima ao regime comunista da Coréia do Norte), as fortes chuvas que alagaram grande parte desse país na segunda metade de julho provocaram ""muitos danos"". No entanto, a publicação, que cita autoridades norte-coreanas, desmentiu o número de até 10 mil mortos pelas inundações, calculado por algumas ONGs que trabalham na Coréia do Norte. Além do número de mortos e desaparecidos, o ""Choson Sinbo"" acrescenta um total de 3.043 feridos. A Federação Internacional da Cruz Vermelha afirmou na sexta-feira (4) que cerca de 17 mil famílias ficaram desabrigadas por causa das inundações. Apesar de o governo norte-coreano ter rejeitado o envio de ajuda estrangeira para atenuar os danos causados pelas chuvas torrenciais, a emissora de TV oficial do país começou a transmitir nos últimos dias notícias sobre a iminente chegada de comida e bens de primeira necessidade do exterior. A agência sul-coreana Yonhap disse na sexta-feira que um alto funcionário de Pyongyang pediu o envio urgente de alimentos para seu país. As inundações destruíram grande parte dos cultivos de cereais na Coréia do Norte, que já sofre com um forte racionamento. Analistas indicaram nos últimos dias que o país pode passar por outra crise com a falta de alimentos, que nos anos 90 matou de fome entre 1 milhão e 2,5 milhões de pessoas, segundo diferentes dados. A Coréia do Sul interrompeu em julho o envio de alimentos ao vizinho do norte depois de o regime comunista disparar sete mísseis balísticos. No entanto, depois de conhecer a dimensão das inundações, o governo de Seul manifestou sua predisposição em oferecer ajuda à Coréia do Norte caso aconteça uma nova crise alimentícia."
12;Enchentes deixam 549 mortos e 3.043 feridos na Coréia do Norte
13;"Já está em 549 mortos e 295 desaparecidas com as inundações que afetaram a Coréia do Norte, informou hoje um jornal pró norte-coreano publicado no Japão, que citou fontes oficiais de Pyongyang. Segundo o jornal ""Choson Sinbo"", publicado pela Associação de Residentes Coreanos no Japão, que é próxima ao regime comunista da Coréia do Norte, as fortes chuvas que alagaram grande parte desse país na segunda metade de julho provocaram ""muitos danos"". No entanto, a publicação, que cita autoridades norte-coreanas, desmentiu o número de até 10 mil mortos pelas inundações, calculado por algumas ONGs que trabalham na Coréia do Norte. Além do número de mortos e desaparecidos, o ""Choson Sinbo"" acrescenta um total de 3.043 feridos. A Federação Internacional da Cruz Vermelha indicou na sexta-feira que cerca de 17 mil famílias ficaram desabrigadas por causa das inundações. Apesar de o Governo norte-coreano ter rejeitado o envio de ajuda estrangeira para atenuar os danos causados pelas chuvas torrenciais, a emissora de TV oficial do país começou a transmitir nos últimos dias notícias sobre a iminente chegada de comida e bens de primeira necessidade do exterior. A agência sul-coreana ""Yonhap"" disse na sexta-feira que um alto funcionário de Pyongyang pediu o envio urgente de alimentos para seu país. As inundações destruíram grande parte dos cultivos de cereais na Coréia do Norte, que já sofre com um forte racionamento. Analistas indicaram nos últimos dias que o país pode passar por outra crise com a falta de alimentos, que nos anos 90 matou de fome entre um milhão e 2,5 milhões de pessoas, segundo diferentes dados. A Coréia do Sul interrompeu em julho o envio de alimentos ao vizinho do norte depois de o regime comunista disparar sete mísseis balísticos em um gesto de desafio. No entanto, depois de conhecer a dimensão das inundações, o Governo de Seul manifestou sua predisposição em oferecer ajuda à Coréia do Norte caso aconteça uma nova crise alimentícia."
14;Mais de 500 pessoas morreram em inundações na Coréia do Norte
15;Ao menos 549 pessoas morreram e outras 295 ainda estão desaparecidas em conseqüência das enchentes que atingiram a Coréia do Norte em julho, segundo um jornal japonês pró-Pyongyang. A mídia norte-coreana já havia confirmado centenas de mortes provocadas pelas chuvas fortes que atingiram o país durante vários dias no mês passado. Mas os números publicados pelo diário japonês Chosun Shinbo são os mais específicos já divulgados em relação à extensão do desastre. No mês passado, a FAO (agência da ONU para alimentação) estimou que cerca de 60 mil pessoas haviam sido desabrigadas pelas chuvas na Coréia do Norte. Mais de 7 mil casas foram destruídas ou danificadas, segundo o Chosun Shinbo, e quase 16 mil hectares de terra cultivada foram inundadas. Esforços de recuperação estão ocorrendo em uma velocidade rápida, disse o jornal em sua página na internet. Na Coréia do Sul, o líder do opositor Grande Partido Nacional, Kang Jae-sup, pediu o estabelecimento de uma missão de investigação para ser enviada ao país comunista para determinar a extensão real dos estragos, segundo a agência de notícias Yonhap. Um grupo de ativistas sugeriu que o número de mortos ou desaparecidos pode chegar a 10 mil, mas não revelou de onde obteve a informação. O regime norte-coreano costuma manter segredo sobre detalhes de acidentes ou desastres naturais, tornando difícil a confirmação de qualquer informação desse tipo. Mas as autoridades norte-coreanas cancelaram uma grande apresentação de ginástica, chamada Arirang, que é uma importante fonte de recursos para o país, para se concentrar nos esforços de recuperação após as enchentes. A Coréia do Norte recusou ofertas de agências internacionais para o lançamento de campanhas de ajuda ao país, mas uma autoridade local disse na semana passada que Pyongyang aceitaria ajuda da Coréia do Sul se fosse dada sem condições. A Coréia do Sul suspendeu o envio de alimentos ao norte por causa de suas preocupações sobre a paralisação nas negociações sobre o programa nuclear norte-coreano e os recentes testes de mísseis realizados por Pyongyang.
16;Enchentes na Coréia do Norte 'mataram 549'
17;"Quinze voluntários da ONG francesa Ação Contra a Fome (ACF) foram assassinados no nordeste do Sri Lanka, informou hoje um porta-voz da organização. Os crimes aconteceram na cidade de Muttur, que durante as últimas duas semanas vive graves conflitos entre as tropas do Exército do Sri Lanka e a guerrilha dos Tigres de Libertação da Pátria Tâmil (LTTE). Os corpos de 11 homens e 4 mulheres de etnia tâmil, vestidos com camisetas da ACF, apareceram na semana passada no escritório da organização. O diretor da ACF no Sri Lanka, Benoit Miribel, confirmou a morte de seus funcionários e afirmou, comovido, que a ONG ""não sofreu uma perda similar em seus mais de 25 anos de existência"". ""Tentamos enviar uma equipe a Muttur para averiguar o que está acontecendo, mas os soldados não permitiram que entrássemos na cidade, que está totalmente bloqueada"", afirmou. Até o momento, as autoridades do Sri Lanka não confirmaram as mortes ou esclareceram o que acontece na cidade de Muttur. O violento conflito começou em 26 de julho, quando as tropas aéreas do governo bombardearam posições da guerrilha, depois que os rebeldes bloquearam uma represa situada em seu território por mais de uma semana, impedindo a provisão de água em localidades sob controle governamental. No domingo, o LTTE ofereceu o cessar-fogo em troca do desbloqueio da presa, mas o governo rejeitou a oferta e lançou uma nova ofensiva sobre a área, de onde mais de 15 mil civis foram obrigados a fugir na última semana. Os rebeldes afirmaram que consideram o novo bombardeio do Exército equivalente a ""uma declaração de guerra"". O enviado especial da Noruega para a paz no Sri Lanka, Jon Hanssen-Bauer, chegou na semana passada à ilha e manteve diferentes reuniões com as duas partes, na tentativa de reduzir a tensão e evitar a volta a uma guerra civil."
18;Quinze voluntários de ONG francesa são mortos no Sri Lanka
19;"Quinze voluntários da ONG francesa Ação Contra a Fome (ACF) foram assassinados no nordeste do Sri Lanka. Os crimes aconteceram na cidade de Muttur, que durante as últimas duas semanas vive graves conflitos entre as tropas do Exército do Sri Lanka e a guerrilha dos Tigres de Libertação da Pátria Tâmil (LTTE). Os corpos de 11 homens e 4 mulheres de etnia tâmil, vestidos com camisetas da ACF, apareceram na semana passada no escritório da organização. O diretor da ACF no Sri Lanka, Benoit Miribel, confirmou a morte de seus funcionários e afirmou, comovido, que a ONG ""não sofreu uma perda similar em seus mais de 25 anos de existência"". ""Tentamos enviar uma equipe a Muttur para averiguar o que está acontecendo, mas os soldados não permitiram que entrássemos na cidade, que está totalmente bloqueada"", afirmou. Até o momento, as autoridades do Sri Lanka não confirmaram as mortes ou esclareceram o que acontece na cidade de Muttur. O violento conflito começou em 26 de julho, quando as tropas aéreas do Governo bombardearam posições da guerrilha, depois que os rebeldes bloquearam uma represa situada em seu território por mais de uma semana, impedindo a provisão de água em localidades sob controle governamental. No domingo, o LTTE ofereceu o cessar-fogo em troca do desbloqueio da presa, mas o Governo rejeitou a oferta e lançou uma nova ofensiva sobre a área, de onde mais de 15 mil civis foram obrigados a fugir na última semana. Os rebeldes afirmaram que consideram o novo bombardeio do Exército equivalente a ""uma declaração de guerra"". O enviado especial da Noruega para a paz no Sri Lanka, Jon Hansse-Bauer, chegou na semana passada à ilha e manteve diferentes reuniões com as duas partes, na tentativa de reduzir a tensão e evitar a volta a uma guerra civil."
20;Quinze voluntários são assassinados no Sri Lanka
21;Quinze funcionários locais de uma organização de caridade francesa no Sri Lanka foram encontrados mortos na cidade de Muttur, no norte do país. Segundo um representante do grupo Action Contre la Faim, os corpos foram encontrados no escritório da organização. Confrontos entre o Exército e o grupo rebelde Tigres Tâmeis eclodiram na região de Muttur há duas semanas, após a guerrilha ter cortado o suprimento de água para alguns vilarejos. No domingo, o Exército bombardeou posições rebeldes na área. Os ataques ocorreram apesar de um acordo assinado pelos Tigres Tâmeis para permitir a reabertura do reservatório de água e a ameaça de que novos bombardeios seriam considerados pelo grupo como uma declaração de guerra. Ainda não se sabe quem cometeu os assassinatos dos funcionários da organização francesa. O diretor-geral da Action Contre la Faim, Benoit Miribel, disse que a organização nunca havia sofrido uma perda tão grande em 25 anos de existência. Segundo ele, o grupo pretendia enviar uma equipe à região, mas foi impedido por soldados. Nossa simpatia está com as famílias das vítimas e com todos os civis afetados por este massacre, cuja escala ainda é desconhecida, disse Miribel. Os funcionários da organização, da etnia tâmil, trabalhavam com ajuda humanitária e reconstrução pós-tsunami. Uma página na internet pró-Tigres Tâmeis responsabilizou o governo pelas mortes, mas o Exército rejeitou a acusação. O líder da ala política do grupo, S. P. Thamilselvan, disse que a decisão do governo de retomar os bombardeios é uma declaração de guerra. Mas o Exército do Sri Lanka disse que os Tigres Tâmeis haviam iniciado os ataques. Quando os terroristas abriram com sua artilharia, nós não tivemos escolha senão retaliar, disse o porta-voz do Exército Abdullah Jayawardene à BBC. Os confrontos em Muttur têm sido os mais intensos na ilha desde a assinatura de um cessar-fogo há quatro anos. O governo diz estar comprometido com a trégua, mas a situação política com os rebeldes, que lutam pela independência do norte e do leste do país, permanece em um impasse. Pelo menos 60 mil pessoas já morreram no país por conta da violência desde o início da insurgência rebelde, há três décadas.
22;Membros de ONG no Sri Lanka são encontrados mortos
23;O ministro da Saúde egípcio, Hatem El-Gabaly, informou nesta segunda-feira que 57 pessoas morreram e 128 ficaram feridas no choque entre dois trens de passageiros no delta do Nilo, ao norte do Cairo. Os feridos, vários deles em estado grave, foram levados para seis hospitais da região onde aconteceu o acidente, um dos piores ocorridos no Egito desde 2002, disse El-Gabaly, citado pela agência egípcia de notícias Mena. Fontes policiais e médicas informaram anteriormente que pelo menos 80 pessoas tinham morrido no acidente. O acidente ocorreu às 7h15 (1h15 em Brasília) entre um trem procedente da cidade nortista de Lardo e outro que esperava na estação Qalyoub, 20 quilômetros ao norte da capital do Egito. Mais de 45 ambulâncias levaram as vítimas aos hospitais de Qaliubiya e de Shebin al-Qanater. Efetivos do Exército, membros da Defesa Civil e equipes médicas participam dos trabalhos de resgate. O Governador de Qaluibiya, Adli Hussein, que se deslocou junto com outros vários altos funcionários egípcios ao local do acidente, afirmou que a colisão ocorreu quando o trem número 808 que circulava em alta velocidade se chocou com a parte traseira de outro, que vinha da de Qaliub. Fontes do Ministério de Transporte disseram que vários vagões descarrilaram e tombaram, e que os bombeiros conseguiram controlar um incêndio no trem que procedia de Lardo. A maior tragédia ferroviária da história do Egito ocorreu em fevereiro de 2002, após o incêndio de um trem que cobria o trajeto entre Cairo e Luxor (sul), lotado de passageiros, e que deixou 376 mortos, segundo números oficiais.
24;Choque entre trens mata pelo menos 57 pessoas no Egito Número de mortos pode aumentar devido ao estado grave de vários dos feridos e aos cadáveres ainda existentes sob os vagões dos dois trens
25;Uma colisão entre dois trens de passageiros provocou a morte de pelo menos 80 pessoas e deixou 165 feridas. O acidente ocorreu no delta do Nilo, ao norte de Cairo, no Egito. No entanto, o ministro da Saúde, Hatem El-Gabaly, insistiu que até o momento foram recuperados apenas 36 cadáveres e que 133 feridos foram encaminhados a hospitais da região. A emissora de TV estatal Nile News mostrou as primeiras imagens do acidente, nas quais era possível ver vários cadáveres que ainda se encontram no interior ou sob os vagões descarrilados. Fontes do Ministério de Transporte disseram que o número de mortos pode aumentar devido ao estado grave de vários dos feridos e que ainda há cadáveres sob os vagões dos dois trens. Mais de 45 ambulâncias foram enviadas ao local do acidente para socorrer as vítimas. O governador de Qaluibiya, Adli Hussein, que se deslocou junto com outros vários altos funcionários egípcios ao local do acidente, afirmou que a colisão ocorreu quando o trem número 808 que circulava em alta velocidade se chocou com a parte traseira de outro, que vinha de Qaliub. Trata-se do terceiro acidente deste tipo no Delta do Nilo desde 28 de fevereiro, quando cerca de 20 pessoas ficaram feridas em choque entre dois trens em Beheira, 150 quilômetros ao norte do Cairo. No dia 1° de maio, mais de 40 pessoas ficaram feridas em um acidente similar na província de Al Sharquiya, cerca de 100 quilômetros ao norte da capital. A maior tragédia ferroviária da história do Egito ocorreu em fevereiro de 2002, após o incêndio de um trem que cobria o trajeto entre Cairo e Luxor (sul), lotado de passageiros, e que deixou 376 mortos, segundo números oficiais.
26;Colisão entre trens deixa 80 mortos e 165 feridos no Egito
27;"Pelo menos 80 pessoas morreram e mais de 165 ficaram feridas nesta segunda-feira após a colisão de dois trens de passageiros no delta do Nilo, ao norte do Cairo, informaram fontes policiais e médicas. A emissora de TV estatal ""Nile News"" mostrou as primeiras imagens do acidente, nas quais era possível ver vários cadáveres que ainda se encontram no interior ou sob os vagões descarrilados. No entanto, o ministro da Saúde, Hatem El-Gabaly, insistiu que até o momento foram recuperados apenas 36 cadáveres e que 133 feridos foram encaminhados a hospitais da região. Mais de 45 ambulâncias foram enviadas ao local do acidente para socorrer as vítimas O governador de Qaluibiya, Adli Hussein, que se deslocou junto com outros vários altos funcionários egípcios ao local do acidente, afirmou que a colisão ocorreu quando o trem número 808 que circulava em alta velocidade se chocou com a parte traseira de outro, que vinha de Qaliub. A maior tragédia ferroviária da história do Egito ocorreu em fevereiro de 2002, após o incêndio de um trem que cobria o trajeto entre Cairo e Luxor, lotado de passageiros, e que deixou 376 mortos, segundo números oficiais."
28;Nove pessoas morreram, três delas crianças, e outras 25 ficaram feridas nesta segunda-feira em uma explosão ocorrida em um mercado de Moscou, informou a polícia. A explosão, supostamente causada por vazamento de um botijão de gás, foi registrada por volta das 10h40 (3h40 de Brasília) no setor denominado Evrazia do mercado Cherkizov, um dos maiores shoppings da capital da Rússia. A maioria dos feridos, entre os quais há quatro com menos de 18 anos, foi hospitalizada. Cerca de dez de carros de bombeiros e mais de uma dezena de ambulâncias foram enviadas ao local, que foi isolado pela polícia. A procuradoria de Moscou anunciou a criação de um grupo especial para investigar o acidente. Fontes do Ministério do Interior da Rússia citadas pela agência Interfax descartaram a possibilidade de a explosão em Cherkizov ter sido um ataque terrorista.
29;Explosão em mercado mata 9 pessoas em Moscou
30;"Uma explosão causou nesta segunda-feira a morte de dez pessoas e deixou cerca de 30 feridas no mercado Cherkizov de Moscou. De acordo com a polícia da capital russa, uma bomba causou o incidente. As autoridades policiais de Moscou assinalaram que no recinto do mercado, situado no Nordeste da cidade, foi detonada uma carga explosiva. - Por causa da explosão, morreram dez pessoas e 31 foram hospitalizadas - declarou à agência ""Interfax"" o alto funcionário de Moscou, Vladimir Resin. Anteriormente, a Polícia havia informado sobre nove mortos, sendo três deles crianças, e 25 feridos. Pouco depois da detonação, ocorrida às 10h40 (3h40 em Brasília), fontes da polícia moscovita adiantaram que ela teria acontecido provavelmente por causa da explosão acidental de um bujão de gás. - Isto não foi um acidente, foi proposital - disse Resin, citado pela agência oficial russa ""Itar-Tass"". A Promotoria de Moscou começou um processo penal por assassinato, não por terrorismo, o que indica que as autoridades têm uma tendência a acreditar que a explosão possa ter sido um acerto de contas entre delinqüentes. - No curso da investigação, serão examinadas todas as versões, incluindo a de um ataque terrorista - informou o centro de imprensa da Promotoria de Moscou. A bomba detonou no interior de uma cafeteria localizada no setor denominado ""Evrazia"" do mercado Cherkizov. - Testemunhas viram quando dois desconhecidos deixaram uma bolsa e saíram correndo da cafeteria. Pouco depois aconteceu a explosão - disse um porta-voz policial citado pela ""Itar-Tass"". O delegado de Moscou, Yuri Siomin, que se dirigiu ao local, declarou que a potência da bomba era equivalente a de até 1,2kg de TNT."
31;Explosão em mercado foi provocada por bomba, diz Polícia russa
32;"Nove pessoas morreram, sendo três crianças, e outras 25 ficaram feridas nesta segunda-feira em uma explosão registrada em um mercado moscovita, informou a Polícia de Moscou. A explosão, cujas causas ainda são desconhecidas, aconteceu às 10h40 (3h40 em Brasília) no mercado Cherkizov, localizado no nordeste da capital russa. A maioria dos feridos, entre os quais há quatro menores, foi hospitalizada. A explosão - supostamente de um bujão de gás, segundo versões policiais preliminares - aconteceu no setor denominado ""Evrazia"" do mercado Cherkizov, um dos maiores shoppings da capital russa. Cerca de dez carros de bombeiros e mais de uma dezena de ambulâncias foram enviadas ao local, que foi isolado pela Polícia. A procuradoria de Moscou anunciou a criação de um grupo especial para investigar o acidente. Fontes do Ministério do Interior da Rússia citadas pela agência ""Interfax"" descartaram a possibilidade de a explosão em Cherkizov ter sido um ataque terrorista."
33;Os deputados acusados de envolvimento na máfia dos sanguessugas têm até a meia-noite desta segunda-feira para renunciar aos mandatos se quiserem escapar da cassação. A Folha Online apurou que o Congresso espera por um pedido em massa de renúncia até o final do prazo. O prazo foi definido pela Mesa Diretora da Câmara. O horário foi estabelecido para garantir que as renúncias sejam publicadas no Diário Oficial do Congresso desta terça-feira. Nos bastidores do Congresso, a expectativa é que vários parlamentares apresentem as renúncias ao mesmo tempo na segunda-feira à tarde para evitar desgastes isolados perante a opinião pública. A avaliação entre os deputados sanguessugas é que o deputado Coriolano Sales (PFL-BA) se precipitou e expôs o PFL quando decidiu renunciar sozinho ao mandato. Nos últimos dias, vários parlamentares procuraram o presidente da Câmara, Aldo Rebelo (PC do B-SP), e a assessoria jurídica da Casa pedindo orientações sobre como proceder em casos de renúncia. Entre eles, os deputados Nilton Capixaba (PTB-RO), João Caldas (PL-AL), respectivamente segundo e quarto-secretários da Câmara, além da deputada Laura Carneiro (PFL-RJ). Muitos já desistiram de disputar as eleições de outubro, diante do desgaste provocado pela CPI dos Sanguessugas. Ao contrário do escândalo do mensalão, no caso dos sanguessugas, os parlamentares estão sendo abandonados pelos partidos --especialmente por ser ano eleitoral. Os deputados da bancada evangélica, por exemplo, já teriam perdido o apoio das igrejas ligadas a eles. Dos 66 congressistas ligados a igrejas evangélicas, 23 --mais de um terço da bancada-- estão envolvidos nas irregularidades e tiveram a cassação de seus mandatos sugerida. O regimento da Câmara determina que as renúncias sejam lidas no plenário e publicadas no Diário Oficial. Como o Congresso está em recesso branco, sem sessões deliberativas, a assessoria jurídica da Casa orientou a Mesa da Câmara a apenas publicar os pedidos. As renúncias têm que ser publicadas até terça-feira, quando o presidente do Conselho de Ética, deputado Ricardo Izar (PTB-SP), vai instaurar os processos de perda de mandato contra os 69 deputados acusados pela CPI dos Sanguessugas de envolvimento com a máfia das ambulâncias. Depois de iniciados os processos, as renúncias não têm mais o efeito de paralisar as investigações. O Senado ainda estuda os prazos regimentais para as renúncias de senadores envolvidos nas irregularidades. Dois deles, Magno Malta (PL-ES) e Serys Slhessarenko (PT-MT) garantiram à Folha Online que não pretendem renunciar aos mandatos. O terceiro suspeito de envolvimento nas fraudes, senador Ney Suassuna (PMDB-PB), não foi localizado para comentar uma possível renúncia.
34;Parlamentares sanguessugas têm até a meia-noite de hoje para renunciar
35;"Termina hoje, às 20 horas, o prazo para que os deputados acusados de participar do esquema dos sanguessugas renunciem para escapar da abertura de processo por quebra de decoro parlamentar. A expectativa de lideranças da Câmara e do Conselho de Ética é que pouco mais de 10% dos 69 deputados denunciados no relatório parcial da CPI dos Sanguessugas abrirão mão de seus mandatos. Integrante da cúpula da Câmara que, nos últimos dias, conversou com ao menos 30 parlamentares acusados no caso calcula que sete podem renunciar - Nilton Capixaba (PTB-RO), Marcelino Fraga (PMDB-ES), César Bandeira (PFL-MA), Benedito Dias (PP-AP), Carlos Nader (PL-RJ), João Caldas (PL-AL) e Reginaldo Germano (PP-BA). Ex-líder do PP, Pedro Henry (MT) cogitou sair da função, mas teria desistido da idéia. Até ontem, só Coriolano Sales (PFL-BA) havia apresentado renúncia. Ele não quis arriscar a chance de assumir a prefeitura de Vitória da Conquista. Segundo colocado em 2004, Sales processou seu adversário por abuso do poder econômico e aguarda resultado. ""Não dá para avaliar quantos vão renunciar"", disse ontem o presidente do Conselho de Ética, Ricardo Izar (PTB-SP). Ele vai instaurar o processo contra os deputados envolvidos com a máfia dos sanguessugas amanhã, às 10h30. Formalizada antes da abertura, a renúncia cessa o procedimento. Izar pretende que os casos dos 15 parlamentares que receberam depósito na própria conta bancária ou na de parentes sejam os primeiros julgados pelo Conselho. ""Vou instaurar todos os processos juntos, mas a idéia é que os 15 casos mais graves, que têm provas contundentes, sejam julgados na frente"", afirmou Izar. O horário-limite para que o parlamentar renuncie - 20 horas - foi estabelecido pela direção da Câmara a fim de que o ato seja oficializado com a sua publicação já no Diário Oficial do Congresso de amanhã. A maioria dos 69 deputados acusados de envolvimento com a máfia dos sanguessugas é candidato à reeleição e, com a renúncia, tentará escapar do risco de cassação e da perda dos direitos políticos por oito anos. Outros parlamentares resistem à renúncia por considerarem ter chance de não sofrer punição. Segundo investigações iniciadas pela Polícia Federal, o esquema consistia no desvio de recursos públicos por meio da apresentação de emendas parlamentares para a compra superfaturada de ambulâncias. Dois dos 69 deputados acusados são da Mesa Diretora, mas se afastaram das funções. Contra João Caldas, por exemplo, pesam 12 pagamentos no total de R$ 136 mil, alguns dos quais em sua própria conta. Ele, porém, resiste à idéia de abrir mão do mandato. Já Capixaba, acusado de ter recebido R$ 646 mil, considera seriamente a hipótese de renunciar. No caso dos integrantes da Igreja Universal, a possibilidade de saída do cargo está afastada, pois os envolvidos, entre eles Edna Macedo (PTB-SP), foram proibidos pela direção da instituição de concorrer à reeleição. Eleitos na esteira do deputado Enéas Carneiro (Prona-SP), ex-integrantes do partido suspeitos, como Irapuan Teixeira (PTB-PR) e Ildeu Araújo (PP-SP), tiveram votação insignificante em 2002 e não têm chance de reeleição. Devem preferir manter o resto"
36;"10% dos acusados devem renunciar; prazo termina hoje Desistência do mandato pode ser feita até as 20 horas; processo contra os deputados será instaurado amanhã"
37;Os parlamentares acusados de envolvimento com o esquema de superfaturamento das ambulâncias têm até a meia-noite desta segunda-feira, dia 21, para renunciar ao mandato, caso queiram escapar do julgamento por quebra de decoro. O prazo foi definido pela direção da Câmara. Na terça-feira, dia 22, o presidente do Conselho de Ética, Ricardo Izar (PTB-SP), deve começar a abrir processos contra os parlamentares acusados que permanecerem em seus cargos. Um membro da cúpula da Câmara que conversou com 30 acusados calcula que pelo menos sete podem renunciar, entre eles: Nilton Capixaba (PTB-RO), Marcelino Fraga (PMDB-ES), César Bandeira (PFL-MA), Benedito Dias (PP-AP) e Carlos Nader (PL-RJ). O pefelista Coriolano Sales (PFL) já apresentou sua renúncia desde a semana passada.
38;Parlamentares acusados têm até esta segunda para renuncia
39;"Após um fim de semana no Norte e Nordeste ao lado de caciques pefelistas adeptos de uma campanha mais ofensiva e com discursos duros contra o presidente Luiz Inácio Lula da Silva, o candidato do PSDB à Presidência, Geraldo Alckmin, deixou ontem a linha ""paz e amor"" e se curvou à temperatura alta do debate eleitoral. Alckmin acusou Lula de arrogante, de subestimar a inteligência dos brasileiros e relacionou o presidente aos escândalos do mensalão, sanguessuga e ao caso Waldomiro Diniz. Por fim, recomendou humildade ao petista. ""Na realidade, o presidente deu as costas para o povo brasileiro, para a Justiça e os bons costumes. Trabalhou do lado do Waldomiro (Diniz), do mensalão, dos sanguessugas, do valerioduto, desses escândalos todos. Isso é que é grave"", reagiu o candidato à declaração de Lula de que o PSDB abandonou os pobres e que ele é vítima de preconceito das elites do País porque fez o contrário. A subida de tom veio no momento de maior crise da campanha de Alckmin. Na sexta-feira, o senador Antonio Carlos Magalhães (PFL-BA) expôs publicamente sua irritação com o estilo sereno do tucano e cobrou exatamente o que Alckmin fez ontem: colar à imagem de Lula todos os casos de corrupção que estouraram no atual governo. Sem citar nominalmente o adversário, Alckmin criticou de novo Lula ao comentar especulações de que o petista, convicto na vitória no primeiro turno, já estaria fazendo planos sobre sua nova equipe ministerial. ""É uma declaração arrogante, porque a campanha está começando. É subestimar a inteligência das pessoas"". E alfinetou: ""Tem candidato aí com salto número 15. Eu vou com as sandálias da humildade"". Em discurso em um almoço beneficente ontem na quadra de uma escola de samba na zona norte de São Paulo, o tucano ironizou: ""A humildade é o estágio mais alto da sabedoria"". Apesar da diferença que o separa de Lula nas pesquisas, para o tucano é certo o enfrentamento com o presidente num segundo turno. ""A eleição vai para o segundo turno. São dois, três pontinhos e já dá segundo turno"", afirmou. ""Aí, é outra eleição. Não tem como fugir da comparação e do debate"", cutucou o presidenciável tucano. Mas a reviravolta no discurso tucano não deve chegar à TV tão brevemente, como também reivindicava ACM. Segundo o ex-governador, a estratégia de priorizar no programa eleitoral na TV a sua biografia tem sido bem-sucedida e não deve mudar, por enquanto. ""Você percebe já na rua uma grande mudança. As pessoas já começam a querer conhecer, saber o que fez"", afirmou o tucano. Para um público de cerca de 500 pessoas, a maioria sambistas, Alckmin ressaltou suas realizações no governo do Estado para a população negra e prometeu, a exemplo do que fez em São Paulo, regularizar todas as áreas de quilombos no País. Ao chegar à escola de samba, Alckmin, que disse ser devoto de São Benedito, beijou e pediu proteção a uma imagem do santo colocada na entrada da quadra. Depois do discurso, ele cumprimentou de mesa"
40;Alckmin muda discurso, eleva tom e liga Lula a escândalos de corrupção Criticado por não atacar presidente, tucano agora diz que petista governou ao lado de mensalão e sanguessugas
